{
  "Routes": [
    {
      "DownstreamPathTemplate": "/Authentication",
      "DownstreamScheme": "https",
      "DownstreamHttopMethod": "POST",
      "DownstreamHostAndPorts": [
        {
          "Host": "localhost",
          "Port": 7224
        }
      ],
      "UpstreamPathTemplate": "/api/Authentication", //From api gateway
      "UpstreamHttpMethod": [ "POST" ]
    },
    {
      "DownstreamPathTemplate": "/Reader/SearchBooks",
      "DownstreamScheme": "https",
      "DownstreamHttopMethod": "GET",
      "DownstreamHostAndPorts": [
        {
          "Host": "localhost",
          "Port": 7272
        }
      ],
      "UpstreamPathTemplate": "/api/Books", //From api gateway
      "UpstreamHttpMethod": [ "GET" ]
    },
    {
      "DownstreamPathTemplate": "/Reader/ReadPurchasedBook",
      "DownstreamScheme": "https",
      "DownstreamHttopMethod": "GET",
      "DownstreamHostAndPorts": [
        {
          "Host": "localhost",
          "Port": 7272
        }
      ],
      "UpstreamPathTemplate": "/api/ReadBook", //From api gateway
      "UpstreamHttpMethod": [ "GET" ]
    },
    {
      "DownstreamPathTemplate": "/Reader/DisplayBooks",
      "DownstreamScheme": "https",
      "DownstreamHttopMethod": "GET",
      "DownstreamHostAndPorts": [
        {
          "Host": "localhost",
          "Port": 7272
        }
      ],
      "UpstreamPathTemplate": "/api/DisplayBook", //From api gateway
      "UpstreamHttpMethod": [ "GET" ]
    },
    {
      "DownstreamPathTemplate": "/Payment/PurchaseBook",
      "DownstreamScheme": "https",
      "DownstreamHttopMethod": "POST",
      "DownstreamHostAndPorts": [
        {
          "Host": "localhost",
          "Port": 7049
        }
      ],
      "UpstreamPathTemplate": "/api/PurchaseBook", //From api gateway
      "UpstreamHttpMethod": [ "POST" ]
    },
    {
      "DownstreamPathTemplate": "/Payment/VieworDownloadBill",
      "DownstreamScheme": "https",
      "DownstreamHttopMethod": "GET",
      "DownstreamHostAndPorts": [
        {
          "Host": "localhost",
          "Port": 7049
        }
      ],
      "UpstreamPathTemplate": "/api/ViewBill", //From api gateway
      "UpstreamHttpMethod": [ "GET" ]
    },
    {
      "DownstreamPathTemplate": "/Payment/ViewPaymentHistory",
      "DownstreamScheme": "https",
      "DownstreamHttopMethod": "GET",
      "DownstreamHostAndPorts": [
        {
          "Host": "localhost",
          "Port": 7049
        }
      ],
      "UpstreamPathTemplate": "/api/ViewPaymentHistory", //From api gateway
      "UpstreamHttpMethod": [ "GET" ]
    },
    {
      "DownstreamPathTemplate": "/Payment/Refund",
      "DownstreamScheme": "https",
      "DownstreamHttopMethod": "GET",
      "DownstreamHostAndPorts": [
        {
          "Host": "localhost",
          "Port": 7049
        }
      ],
      "UpstreamPathTemplate": "/api/Refund", //From api gateway
      "UpstreamHttpMethod": [ "GET" ]
    },
    {
      "DownstreamPathTemplate": "/Author/CreateAccount",
      "DownstreamScheme": "https",
      "DownstreamHttopMethod": "POST",
      "DownstreamHostAndPorts": [
        {
          "Host": "localhost",
          "Port": 7041
        }
      ],
      "UpstreamPathTemplate": "/api/CreateAccount", //From api gateway
      "UpstreamHttpMethod": [ "POST" ]
    },
    {
      "DownstreamPathTemplate": "/Author/Login",
      "DownstreamScheme": "https",
      "DownstreamHttopMethod": "GET",
      "DownstreamHostAndPorts": [
        {
          "Host": "localhost",
          "Port": 7041
        }
      ],
      "UpstreamPathTemplate": "/api/Login", //From api gateway
      "UpstreamHttpMethod": [ "GET" ]
    },
    {
      "DownstreamPathTemplate": "/Author/CreateBook",
      "DownstreamScheme": "https",
      "DownstreamHttopMethod": "POST",
      "DownstreamHostAndPorts": [
        {
          "Host": "localhost",
          "Port": 7041
        }
      ],
      "UpstreamPathTemplate": "/api/CreateBook", //From api gateway
      "UpstreamHttpMethod": [ "POST" ]
    },
    {
      "DownstreamPathTemplate": "/Author/EditBook",
      "DownstreamScheme": "https",
      "DownstreamHttopMethod": "PUT",
      "DownstreamHostAndPorts": [
        {
          "Host": "localhost",
          "Port": 7041
        }
      ],
      "UpstreamPathTemplate": "/api/EditBook", //From api gateway
      "UpstreamHttpMethod": [ "PUT" ]
    },
    {
      "DownstreamPathTemplate": "/Author/BlockorUnlockBook",
      "DownstreamScheme": "https",
      "DownstreamHttopMethod": "PUT",
      "DownstreamHostAndPorts": [
        {
          "Host": "localhost",
          "Port": 7041
        }
      ],
      "UpstreamPathTemplate": "/api/BlockorUnblockBook", //From api gateway
      "UpstreamHttpMethod": [ "PUT" ]
    },
    {
      "DownstreamPathTemplate": "/Author/NotifyReader",
      "DownstreamScheme": "https",
      "DownstreamHttopMethod": "GET",
      "DownstreamHostAndPorts": [
        {
          "Host": "localhost",
          "Port": 7041
        }
      ],
      "UpstreamPathTemplate": "/api/NotifyReader", //From api gateway
      "UpstreamHttpMethod": [ "GET" ]
    }
  ],
  "GlobalConfiguration": {
    "BaseUrl": "https://localhost:7093"
  }
}

